{
	"format_version": "1.8.0",
	"animations": {
		"animation.crawler.idle": {
			"loop": true,
			"animation_length": 4.88,
			"bones": {
				"body": {
					"position": {
						"vector": [0, 0, 0]
					}
				},
				"bone": {
					"rotation": {
						"0.0": {
							"vector": [0, 0, 0]
						},
						"0.76": {
							"vector": [0, 0, 0]
						},
						"1.56": {
							"vector": [-7.5, 0, 0]
						},
						"1.68": {
							"vector": [-6.66067, 3.45533, 27.29887]
						},
						"1.8": {
							"vector": [0, 0, 0]
						},
						"2.0": {
							"vector": [-7.5, 0, 0]
						},
						"2.12": {
							"vector": [-6.66067, 3.45533, 27.29887]
						},
						"2.24": {
							"vector": [0, 0, 0]
						},
						"2.64": {
							"vector": [-7.5, 0, 0]
						},
						"2.76": {
							"vector": [-6.66067, 3.45533, 27.29887]
						},
						"2.88": {
							"vector": [0, 0, 0]
						},
						"3.04": {
							"vector": [-7.5, 0, 0]
						},
						"3.16": {
							"vector": [-6.66067, 3.45533, 27.29887]
						},
						"3.28": {
							"vector": [0, 0, 0]
						},
						"3.92": {
							"vector": [-7.5, 0, 0]
						},
						"4.04": {
							"vector": [-6.66067, 3.45533, 27.29887]
						},
						"4.88": {
							"vector": [0, 0, 0]
						}
					}
				},
				"bone2": {
					"rotation": {
						"0.0": {
							"vector": [0, 0, 0]
						},
						"0.76": {
							"vector": [0, 0, 0]
						},
						"1.48": {
							"vector": [-10, 0, 0]
						},
						"1.64": {
							"vector": [-9.91615, -1.29876, -7.38733]
						},
						"1.8": {
							"vector": [0, 0, 0]
						},
						"1.92": {
							"vector": [-10, 0, 0]
						},
						"2.08": {
							"vector": [-9.91615, -1.29876, -7.38733]
						},
						"2.24": {
							"vector": [0, 0, 0]
						},
						"2.56": {
							"vector": [-10, 0, 0]
						},
						"2.72": {
							"vector": [-9.91615, -1.29876, -7.38733]
						},
						"2.88": {
							"vector": [0, 0, 0]
						},
						"2.96": {
							"vector": [-10, 0, 0]
						},
						"3.12": {
							"vector": [-9.91615, -1.29876, -7.38733]
						},
						"3.28": {
							"vector": [0, 0, 0]
						},
						"3.84": {
							"vector": [-10, 0, 0]
						},
						"4.0": {
							"vector": [-9.91615, -1.29876, -7.38733]
						},
						"4.88": {
							"vector": [0, 0, 0]
						}
					}
				},
				"bone3": {
					"rotation": {
						"0.0": {
							"vector": [0, 0, 0]
						},
						"0.76": {
							"vector": [0, 0, 0]
						},
						"1.6": {
							"vector": [5, 0, 0]
						},
						"1.68": {
							"vector": [4.83045, -1.29256, 14.94548]
						},
						"1.8": {
							"vector": [0, 0, 0]
						},
						"2.04": {
							"vector": [5, 0, 0]
						},
						"2.12": {
							"vector": [4.83045, -1.29256, 14.94548]
						},
						"2.24": {
							"vector": [0, 0, 0]
						},
						"2.68": {
							"vector": [5, 0, 0]
						},
						"2.76": {
							"vector": [4.83045, -1.29256, 14.94548]
						},
						"2.88": {
							"vector": [0, 0, 0]
						},
						"3.08": {
							"vector": [5, 0, 0]
						},
						"3.16": {
							"vector": [4.83045, -1.29256, 14.94548]
						},
						"3.28": {
							"vector": [0, 0, 0]
						},
						"3.96": {
							"vector": [5, 0, 0]
						},
						"4.04": {
							"vector": [4.83045, -1.29256, 14.94548]
						},
						"4.88": {
							"vector": [0, 0, 0]
						}
					}
				},
				"bone4": {
					"rotation": {
						"0.0": {
							"vector": [0, 0, 0]
						},
						"0.76": {
							"vector": [0, 0, 0]
						},
						"1.52": {
							"vector": [4.99527, -0.21782, 2.4905]
						},
						"1.64": {
							"vector": [4.53359, -2.11089, 24.91643]
						},
						"1.76": {
							"vector": [0, 0, 0]
						},
						"1.96": {
							"vector": [4.99527, -0.21782, 2.4905]
						},
						"2.08": {
							"vector": [4.53359, -2.11089, 24.91643]
						},
						"2.2": {
							"vector": [0, 0, 0]
						},
						"2.6": {
							"vector": [4.99527, -0.21782, 2.4905]
						},
						"2.72": {
							"vector": [4.53359, -2.11089, 24.91643]
						},
						"2.84": {
							"vector": [0, 0, 0]
						},
						"3.0": {
							"vector": [4.99527, -0.21782, 2.4905]
						},
						"3.12": {
							"vector": [4.53359, -2.11089, 24.91643]
						},
						"3.24": {
							"vector": [0, 0, 0]
						},
						"3.88": {
							"vector": [4.99527, -0.21782, 2.4905]
						},
						"4.0": {
							"vector": [4.53359, -2.11089, 24.91643]
						},
						"4.88": {
							"vector": [0, 0, 0]
						}
					}
				}
			}
		},
		"animation.crawler.walk": {
			"loop": true,
			"animation_length": 5.2,
			"bones": {
				"body": {
					"position": {
						"vector": [0, 0, 0]
					}
				},
				"front": {
					"rotation": {
						"0.0": {
							"vector": [0, 0, 0]
						},
						"0.52": {
							"vector": [0, 2.5, 0]
						},
						"1.04": {
							"vector": [0, 0, 0]
						},
						"1.56": {
							"vector": [0, -2.5, 0]
						},
						"2.08": {
							"vector": [0, 0, 0]
						},
						"2.6": {
							"vector": [0, 2.5, 0]
						},
						"3.12": {
							"vector": [0, 0, 0]
						},
						"3.64": {
							"vector": [0, -2.5, 0]
						},
						"4.16": {
							"vector": [0, 0, 0]
						},
						"4.68": {
							"vector": [0, -2.5, 0]
						},
						"5.2": {
							"vector": [0, 0, 0]
						}
					}
				},
				"mid": {
					"rotation": {
						"0.0": {
							"vector": [0, 0, 0]
						},
						"0.6": {
							"vector": [0, -2.5, 0]
						},
						"1.04": {
							"vector": [0, 0, 0]
						},
						"1.64": {
							"vector": [0, 2.5, 0]
						},
						"2.08": {
							"vector": [0, 0, 0]
						},
						"2.68": {
							"vector": [0, -2.5, 0]
						},
						"3.12": {
							"vector": [0, 0, 0]
						},
						"3.72": {
							"vector": [0, 2.5, 0]
						},
						"4.16": {
							"vector": [0, 0, 0]
						},
						"4.76": {
							"vector": [0, 2.5, 0]
						},
						"5.2": {
							"vector": [0, 0, 0]
						}
					}
				},
				"tail": {
					"rotation": {
						"0.0": {
							"vector": [0, 0, 0]
						},
						"0.64": {
							"vector": [0, -2.5, 0]
						},
						"1.04": {
							"vector": [0, 0, 0]
						},
						"1.68": {
							"vector": [0, 2.5, 0]
						},
						"2.08": {
							"vector": [0, 0, 0]
						},
						"2.72": {
							"vector": [0, -2.5, 0]
						},
						"3.12": {
							"vector": [0, 0, 0]
						},
						"3.76": {
							"vector": [0, 2.5, 0]
						},
						"4.16": {
							"vector": [0, 0, 0]
						},
						"4.8": {
							"vector": [0, 2.5, 0]
						},
						"5.2": {
							"vector": [0, 0, 0]
						}
					}
				},
				"bone": {
					"rotation": {
						"0.0": {
							"vector": [0, 0, 0]
						},
						"0.76": {
							"vector": [0, 0, 0]
						},
						"1.56": {
							"vector": [-7.5, 0, 0]
						},
						"1.68": {
							"vector": [-6.66067, 3.45533, 27.29887]
						},
						"1.8": {
							"vector": [0, 0, 0]
						},
						"2.0": {
							"vector": [-7.5, 0, 0]
						},
						"2.12": {
							"vector": [-6.66067, 3.45533, 27.29887]
						},
						"2.24": {
							"vector": [0, 0, 0]
						},
						"2.64": {
							"vector": [-7.5, 0, 0]
						},
						"2.76": {
							"vector": [-6.66067, 3.45533, 27.29887]
						},
						"2.88": {
							"vector": [0, 0, 0]
						},
						"3.04": {
							"vector": [-7.5, 0, 0]
						},
						"3.16": {
							"vector": [-6.66067, 3.45533, 27.29887]
						},
						"3.28": {
							"vector": [0, 0, 0]
						},
						"3.92": {
							"vector": [-7.5, 0, 0]
						},
						"4.04": {
							"vector": [-6.66067, 3.45533, 27.29887]
						},
						"4.88": {
							"vector": [0, 0, 0]
						}
					}
				},
				"bone2": {
					"rotation": {
						"0.0": {
							"vector": [0, 0, 0]
						},
						"0.76": {
							"vector": [0, 0, 0]
						},
						"1.48": {
							"vector": [-10, 0, 0]
						},
						"1.64": {
							"vector": [-9.91615, -1.29876, -7.38733]
						},
						"1.8": {
							"vector": [0, 0, 0]
						},
						"1.92": {
							"vector": [-10, 0, 0]
						},
						"2.08": {
							"vector": [-9.91615, -1.29876, -7.38733]
						},